Model,Accuracy,AUC,Precision,Recall,F1,MCC
Logistic Regression,0.8478260869565217,0.9189383070301291,0.8425925925925926,0.8921568627450981,0.8666666666666667,0.6913171380177148
Decision Tree,0.8369565217391305,0.8338115734098519,0.8461538461538461,0.8627450980392157,0.8543689320388349,0.669386168642121
KNN,0.8315217391304348,0.894906743185079,0.8446601941747572,0.8529411764705882,0.848780487804878,0.6586465968073977
Naive Bayes,0.8260869565217391,0.8774509803921569,0.8365384615384616,0.8529411764705882,0.8446601941747572,0.6473290312799881
Random Forest,0.8967391304347826,0.950023912003826,0.8807339449541285,0.9411764705882353,0.909952606635071,0.7916352207756827
XGBoost,0.8804347826086957,0.9398613103778096,0.8703703703703703,0.9215686274509803,0.8952380952380953,0.7579384823238913
